# ************************************************************
# Sequel Pro SQL dump
# Version 4541
#
# http://www.sequelpro.com/
# https://github.com/sequelpro/sequelpro
#
# Host: 127.0.0.1 (MySQL 5.7.18)
# Database: audiolibs
# Generation Time: 2017-08-11 02:11:11 +0000
# ************************************************************


/*!40101 SET @OLD_CHARACTER_SET_CLIENT=@@CHARACTER_SET_CLIENT */;
/*!40101 SET @OLD_CHARACTER_SET_RESULTS=@@CHARACTER_SET_RESULTS */;
/*!40101 SET @OLD_COLLATION_CONNECTION=@@COLLATION_CONNECTION */;
/*!40101 SET NAMES utf8 */;
/*!40014 SET @OLD_FOREIGN_KEY_CHECKS=@@FOREIGN_KEY_CHECKS, FOREIGN_KEY_CHECKS=0 */;
/*!40101 SET @OLD_SQL_MODE=@@SQL_MODE, SQL_MODE='NO_AUTO_VALUE_ON_ZERO' */;
/*!40111 SET @OLD_SQL_NOTES=@@SQL_NOTES, SQL_NOTES=0 */;


# Dump of table channel
# ------------------------------------------------------------

DROP TABLE IF EXISTS `channel`;

CREATE TABLE `channel` (
  `id` bigint(20) unsigned NOT NULL AUTO_INCREMENT COMMENT '网络电台频率',
  `uuid` varchar(32) DEFAULT NULL COMMENT '唯一序号',
  `manager_id` bigint(20) DEFAULT NULL COMMENT '所属管理员',
  `name` varchar(255) DEFAULT NULL COMMENT '频率名称',
  `description` tinytext COMMENT '频率描述',
  `logo` varchar(255) DEFAULT NULL COMMENT 'LOGO,存放路径',
  `status` tinyint(11) DEFAULT '1' COMMENT '1有效 0无效',
  `createtime` timestamp NULL DEFAULT CURRENT_TIMESTAMP,
  PRIMARY KEY (`id`)
) ENGINE=InnoDB DEFAULT CHARSET=utf8;

LOCK TABLES `channel` WRITE;
/*!40000 ALTER TABLE `channel` DISABLE KEYS */;

INSERT INTO `channel` (`id`, `uuid`, `manager_id`, `name`, `description`, `logo`, `status`, `createtime`)
VALUES
	(52,'Cy3xswsi',1,'频率管理员创建的频率','频率管理员创建的频率描述','/upload/categorye996YUB7.png',1,'2017-07-19 12:44:48'),
	(56,'JloZ21xe',1,'系统管理员创建的频率','系统管理员创建的频率描述','/upload/358PICK58PICFdJ_1024GGhyBM8t.jpg',1,'2017-07-19 14:56:19'),
	(64,'5AMWBK9h',201,'新闻广播','这是一个新闻广播频率','/upload/logo2wFfoZXUF.gif',1,'2017-07-20 16:54:13');

/*!40000 ALTER TABLE `channel` ENABLE KEYS */;
UNLOCK TABLES;


# Dump of table clock
# ------------------------------------------------------------

DROP TABLE IF EXISTS `clock`;

CREATE TABLE `clock` (
  `id` bigint(20) unsigned NOT NULL AUTO_INCREMENT COMMENT '钟型。类型化节目',
  `channel_id` bigint(20) NOT NULL COMMENT '所属频率',
  `typed_ids` json DEFAULT NULL COMMENT '存放多个规则',
  `name` varchar(255) DEFAULT NULL COMMENT '钟型名称',
  `duration` int(11) NOT NULL DEFAULT '60' COMMENT '持续时长(分)',
  `status` tinyint(1) DEFAULT '1' COMMENT '1有效 0无效',
  `createtime` timestamp NULL DEFAULT CURRENT_TIMESTAMP,
  PRIMARY KEY (`id`)
) ENGINE=InnoDB DEFAULT CHARSET=utf8;

LOCK TABLES `clock` WRITE;
/*!40000 ALTER TABLE `clock` DISABLE KEYS */;

INSERT INTO `clock` (`id`, `channel_id`, `typed_ids`, `name`, `duration`, `status`, `createtime`)
VALUES
	(1,64,X'5B322C20332C20345D','钟型1',60,1,'2017-07-20 17:56:12'),
	(4,64,X'5B322C20332C20345D','钟型2',120,1,'2017-07-21 10:37:08'),
	(7,64,X'5B322C20332C20345D','钟型3',900,1,'2017-07-20 17:56:12'),
	(8,64,X'5B322C20332C20345D','钟型4',60,1,'2017-08-09 08:34:11'),
	(9,64,X'5B322C20332C20345D','钟型5',120,1,'2017-08-10 09:18:32'),
	(10,64,X'5B322C20332C20345D','钟型6',30,1,'2017-08-10 09:18:47');

/*!40000 ALTER TABLE `clock` ENABLE KEYS */;
UNLOCK TABLES;


# Dump of table log
# ------------------------------------------------------------

DROP TABLE IF EXISTS `log`;

CREATE TABLE `log` (
  `id` bigint(20) unsigned NOT NULL AUTO_INCREMENT COMMENT '日志',
  `manager_id` bigint(20) DEFAULT NULL,
  `manager_name` varchar(90) DEFAULT NULL,
  `title` varchar(255) DEFAULT NULL,
  `action` varchar(255) DEFAULT NULL,
  `createtime` timestamp NULL DEFAULT CURRENT_TIMESTAMP,
  PRIMARY KEY (`id`)
) ENGINE=InnoDB DEFAULT CHARSET=utf8;

LOCK TABLES `log` WRITE;
/*!40000 ALTER TABLE `log` DISABLE KEYS */;

INSERT INTO `log` (`id`, `manager_id`, `manager_name`, `title`, `action`, `createtime`)
VALUES
	(693,102,'频率管理员','登陆','登陆','2017-08-03 10:20:07'),
	(695,102,'频率管理员','登陆','登陆','2017-08-03 10:23:48'),
	(697,102,'频率管理员','登陆','登陆','2017-08-03 10:27:01'),
	(698,102,'频率管理员','登陆','登陆','2017-08-03 10:36:28'),
	(710,102,'频率管理员','登陆','登陆','2017-08-04 17:41:27'),
	(718,102,'频率管理员','登陆','登陆','2017-08-04 18:21:30'),
	(719,102,'频率管理员','登陆','登陆','2017-08-07 08:31:31'),
	(732,1,'系统管理员','登陆','登陆','2017-08-07 10:47:03'),
	(733,1,'系统管理员','登陆','登陆','2017-08-07 10:48:53'),
	(734,1,'系统管理员','登陆','登陆','2017-08-07 10:49:29'),
	(735,1,'系统管理员','登陆','登陆','2017-08-07 11:19:02'),
	(736,1,'系统管理员','登陆','登陆','2017-08-07 11:20:06'),
	(737,1,'系统管理员','登陆','登陆','2017-08-07 11:20:54'),
	(738,1,'系统管理员','登陆','登陆','2017-08-07 11:22:58'),
	(739,1,'系统管理员','登陆','登陆','2017-08-07 11:24:54'),
	(740,1,'系统管理员','登陆','登陆','2017-08-07 11:27:20'),
	(741,1,'系统管理员','登陆','登陆','2017-08-07 11:31:21'),
	(742,1,'系统管理员','登陆','登陆','2017-08-07 11:34:19'),
	(743,102,'频率管理员','登陆','登陆','2017-08-07 11:36:55'),
	(744,1,'系统管理员','登陆','登陆','2017-08-07 11:46:04'),
	(745,1,'系统管理员','登陆','登陆','2017-08-07 11:47:29'),
	(746,1,'系统管理员','登陆','登陆','2017-08-07 11:54:37'),
	(747,1,'系统管理员','登陆','登陆','2017-08-07 11:56:16'),
	(748,1,'系统管理员','登陆','登陆','2017-08-07 11:57:07'),
	(749,1,'系统管理员','登陆','登陆','2017-08-07 11:58:45'),
	(750,1,'系统管理员','登陆','登陆','2017-08-07 13:01:28'),
	(751,1,'系统管理员','登陆','登陆','2017-08-07 13:15:43'),
	(752,1,'系统管理员','登陆','登陆','2017-08-07 13:16:52'),
	(753,1,'系统管理员','登陆','登陆','2017-08-07 13:20:56'),
	(754,1,'系统管理员','登陆','登陆','2017-08-07 13:24:46'),
	(755,1,'系统管理员','登陆','登陆','2017-08-07 15:51:55'),
	(756,1,'系统管理员','登陆','登陆','2017-08-07 16:00:59'),
	(757,1,'系统管理员','登陆','登陆','2017-08-07 16:22:24'),
	(758,1,'系统管理员','登陆','登陆','2017-08-07 16:24:37'),
	(759,1,'系统管理员','登陆','登陆','2017-08-07 16:28:12'),
	(760,1,'系统管理员','登陆','登陆','2017-08-07 16:30:20'),
	(761,102,'频率管理员','登陆','登陆','2017-08-07 16:41:02'),
	(762,1,'系统管理员','登陆','登陆','2017-08-07 16:41:05'),
	(763,1,'系统管理员','登陆','登陆','2017-08-08 09:19:47'),
	(764,1,'系统管理员','登陆','登陆','2017-08-08 10:34:59'),
	(765,1,'系统管理员','登陆','登陆','2017-08-08 11:32:55'),
	(766,1,'系统管理员','登陆','登陆','2017-08-08 11:48:20'),
	(767,1,'系统管理员','登陆','登陆','2017-08-08 12:07:15'),
	(768,1,'系统管理员','登陆','登陆','2017-08-08 13:12:51'),
	(769,1,'系统管理员','登陆','登陆','2017-08-08 13:14:49'),
	(770,1,'系统管理员','登陆','登陆','2017-08-08 13:22:42'),
	(771,1,'系统管理员','登陆','登陆','2017-08-08 15:11:30'),
	(772,1,'系统管理员','登陆','登陆','2017-08-08 15:12:13'),
	(773,1,'系统管理员','登陆','登陆','2017-08-08 15:14:25'),
	(774,1,'系统管理员','登陆','登陆','2017-08-08 15:15:59'),
	(775,1,'系统管理员','登陆','登陆','2017-08-08 15:18:24'),
	(776,1,'系统管理员','登陆','登陆','2017-08-08 15:27:40'),
	(777,1,'系统管理员','登陆','登陆','2017-08-08 15:36:29'),
	(778,1,'系统管理员','登陆','登陆','2017-08-08 16:07:43'),
	(779,1,'系统管理员','登陆','登陆','2017-08-08 16:11:00'),
	(780,1,'系统管理员','登陆','登陆','2017-08-08 16:16:04'),
	(781,1,'系统管理员','登陆','登陆','2017-08-08 16:20:48'),
	(782,1,'系统管理员','登陆','登陆','2017-08-08 16:27:07'),
	(783,102,'频率管理员','登陆','登陆','2017-08-08 16:29:06'),
	(784,1,'系统管理员','登陆','登陆','2017-08-08 16:29:56'),
	(785,1,'系统管理员','登陆','登陆','2017-08-08 16:38:56'),
	(786,102,'频率管理员','登陆','登陆','2017-08-08 16:43:40'),
	(787,1,'系统管理员','登陆','登陆','2017-08-08 16:46:33'),
	(788,1,'系统管理员','登陆','登陆','2017-08-08 16:48:36'),
	(789,1,'系统管理员','登陆','登陆','2017-08-08 17:10:36'),
	(790,1,'系统管理员','登陆','登陆','2017-08-08 17:28:32'),
	(791,1,'系统管理员','登陆','登陆','2017-08-08 17:37:40'),
	(792,1,'系统管理员','登陆','登陆','2017-08-08 18:06:23'),
	(793,1,'系统管理员','登陆','登陆','2017-08-08 18:15:43'),
	(794,1,'系统管理员','登陆','登陆','2017-08-08 18:18:39'),
	(795,1,'系统管理员','登陆','登陆','2017-08-08 18:24:49'),
	(796,1,'系统管理员','登陆','登陆','2017-08-08 18:28:32'),
	(797,1,'系统管理员','登陆','登陆','2017-08-08 18:30:06'),
	(798,1,'系统管理员','登陆','登陆','2017-08-08 18:33:22'),
	(799,1,'系统管理员','登陆','登陆','2017-08-08 18:38:10'),
	(800,1,'系统管理员','登陆','登陆','2017-08-08 18:52:15'),
	(801,1,'系统管理员','登陆','登陆','2017-08-08 18:53:57'),
	(802,1,'系统管理员','登陆','登陆','2017-08-08 19:00:11'),
	(803,1,'系统管理员','登陆','登陆','2017-08-08 19:07:26'),
	(804,1,'系统管理员','登陆','登陆','2017-08-08 19:17:42'),
	(805,1,'系统管理员','登陆','登陆','2017-08-09 08:33:12'),
	(806,1,'系统管理员','登陆','登陆','2017-08-09 08:41:45'),
	(807,1,'系统管理员','登陆','登陆','2017-08-09 09:39:59'),
	(808,1,'系统管理员','登陆','登陆','2017-08-09 09:44:23'),
	(809,1,'系统管理员','登陆','登陆','2017-08-09 10:01:33'),
	(810,1,'系统管理员','登陆','登陆','2017-08-09 10:03:56'),
	(811,1,'系统管理员','登陆','登陆','2017-08-09 11:10:53'),
	(812,1,'系统管理员','登陆','登陆','2017-08-09 13:12:55'),
	(813,1,'系统管理员','登陆','登陆','2017-08-09 13:32:22'),
	(814,1,'系统管理员','登陆','登陆','2017-08-09 13:33:30'),
	(815,1,'系统管理员','登陆','登陆','2017-08-09 13:36:58'),
	(816,1,'系统管理员','登陆','登陆','2017-08-09 15:17:48'),
	(817,1,'系统管理员','登陆','登陆','2017-08-09 15:46:04'),
	(818,1,'系统管理员','登陆','登陆','2017-08-09 15:47:32'),
	(819,1,'系统管理员','登陆','登陆','2017-08-09 16:02:34'),
	(820,1,'系统管理员','登陆','登陆','2017-08-09 16:06:02'),
	(821,1,'系统管理员','登陆','登陆','2017-08-09 16:08:17'),
	(822,1,'系统管理员','登陆','登陆','2017-08-09 16:17:06'),
	(823,1,'系统管理员','登陆','登陆','2017-08-09 16:19:44'),
	(824,1,'系统管理员','登陆','登陆','2017-08-09 16:22:43'),
	(825,1,'系统管理员','登陆','登陆','2017-08-09 16:26:57'),
	(826,1,'系统管理员','登陆','登陆','2017-08-09 16:30:09'),
	(827,1,'系统管理员','登陆','登陆','2017-08-09 16:32:02'),
	(828,1,'系统管理员','登陆','登陆','2017-08-09 16:34:06'),
	(829,1,'系统管理员','登陆','登陆','2017-08-09 16:37:01'),
	(830,1,'系统管理员','登陆','登陆','2017-08-09 16:45:44'),
	(831,1,'系统管理员','登陆','登陆','2017-08-09 16:52:41'),
	(832,1,'系统管理员','登陆','登陆','2017-08-09 16:55:25'),
	(833,1,'系统管理员','登陆','登陆','2017-08-09 16:57:40'),
	(834,1,'系统管理员','登陆','登陆','2017-08-09 17:38:21'),
	(835,1,'系统管理员','登陆','登陆','2017-08-09 17:44:01'),
	(836,1,'系统管理员','登陆','登陆','2017-08-09 17:44:53'),
	(837,1,'系统管理员','登陆','登陆','2017-08-09 17:53:05'),
	(838,1,'系统管理员','登陆','登陆','2017-08-09 17:53:57'),
	(839,1,'系统管理员','登陆','登陆','2017-08-09 17:54:51'),
	(840,1,'系统管理员','登陆','登陆','2017-08-09 17:57:17'),
	(841,1,'系统管理员','登陆','登陆','2017-08-09 17:59:07'),
	(842,1,'系统管理员','登陆','登陆','2017-08-09 18:14:52'),
	(843,1,'系统管理员','登陆','登陆','2017-08-09 18:17:16'),
	(844,1,'系统管理员','登陆','登陆','2017-08-09 18:19:39'),
	(845,1,'系统管理员','登陆','登陆','2017-08-09 18:35:15'),
	(846,1,'系统管理员','登陆','登陆','2017-08-09 18:50:29'),
	(847,1,'系统管理员','登陆','登陆','2017-08-09 18:51:59'),
	(848,1,'系统管理员','登陆','登陆','2017-08-09 18:58:51'),
	(849,1,'系统管理员','登陆','登陆','2017-08-10 08:35:07'),
	(850,1,'系统管理员','登陆','登陆','2017-08-10 08:53:49'),
	(851,102,'频率管理员','登陆','登陆','2017-08-10 09:01:51'),
	(852,1,'系统管理员','登陆','登陆','2017-08-10 09:09:26'),
	(853,1,'系统管理员','登陆','登陆','2017-08-10 09:14:05'),
	(854,1,'系统管理员','登陆','登陆','2017-08-10 09:16:20'),
	(855,1,'系统管理员','登陆','登陆','2017-08-10 09:18:05'),
	(856,1,'系统管理员','登陆','登陆','2017-08-10 09:33:44'),
	(857,1,'系统管理员','登陆','登陆','2017-08-10 09:35:41'),
	(858,1,'系统管理员','登陆','登陆','2017-08-10 09:49:18'),
	(859,1,'系统管理员','登陆','登陆','2017-08-10 10:01:53'),
	(860,1,'系统管理员','登陆','登陆','2017-08-10 10:14:05'),
	(861,1,'系统管理员','登陆','登陆','2017-08-10 10:55:40'),
	(862,1,'系统管理员','登陆','登陆','2017-08-10 11:26:50'),
	(863,1,'系统管理员','登陆','登陆','2017-08-10 11:27:32'),
	(864,1,'系统管理员','登陆','登陆','2017-08-10 11:32:15'),
	(865,1,'系统管理员','登陆','登陆','2017-08-10 11:34:00'),
	(866,1,'系统管理员','登陆','登陆','2017-08-10 11:36:16'),
	(867,1,'系统管理员','登陆','登陆','2017-08-10 11:37:45'),
	(868,1,'系统管理员','登陆','登陆','2017-08-10 11:44:59'),
	(869,1,'系统管理员','登陆','登陆','2017-08-10 11:45:33'),
	(870,1,'系统管理员','登陆','登陆','2017-08-10 11:46:23'),
	(871,1,'系统管理员','登陆','登陆','2017-08-10 11:48:04'),
	(872,1,'系统管理员','登陆','登陆','2017-08-10 11:54:59'),
	(873,1,'系统管理员','登陆','登陆','2017-08-10 11:56:05'),
	(874,1,'系统管理员','登陆','登陆','2017-08-10 11:58:51'),
	(875,1,'系统管理员','登陆','登陆','2017-08-10 13:29:48'),
	(876,1,'系统管理员','登陆','登陆','2017-08-10 13:32:41'),
	(877,1,'系统管理员','登陆','登陆','2017-08-10 13:33:30'),
	(878,1,'系统管理员','登陆','登陆','2017-08-10 13:41:51'),
	(879,1,'系统管理员','登陆','登陆','2017-08-10 13:47:53'),
	(880,1,'系统管理员','登陆','登陆','2017-08-10 13:49:01'),
	(881,1,'系统管理员','登陆','登陆','2017-08-10 13:49:52'),
	(882,1,'系统管理员','登陆','登陆','2017-08-10 13:51:15'),
	(883,1,'系统管理员','登陆','登陆','2017-08-10 13:57:47'),
	(884,1,'系统管理员','登陆','登陆','2017-08-10 14:01:43'),
	(885,1,'系统管理员','登陆','登陆','2017-08-10 14:02:57'),
	(886,1,'系统管理员','登陆','登陆','2017-08-10 14:03:41'),
	(887,1,'系统管理员','登陆','登陆','2017-08-10 14:04:25'),
	(888,1,'系统管理员','登陆','登陆','2017-08-10 14:06:12'),
	(889,1,'系统管理员','登陆','登陆','2017-08-10 15:34:31'),
	(890,1,'系统管理员','登陆','登陆','2017-08-10 16:11:48'),
	(891,1,'系统管理员','登陆','登陆','2017-08-10 16:13:34'),
	(892,1,'系统管理员','登陆','登陆','2017-08-10 16:21:02'),
	(893,1,'系统管理员','登陆','登陆','2017-08-10 16:22:00'),
	(894,1,'系统管理员','登陆','登陆','2017-08-10 16:31:02'),
	(895,1,'系统管理员','登陆','登陆','2017-08-10 16:32:24'),
	(896,1,'系统管理员','登陆','登陆','2017-08-10 16:36:06'),
	(897,1,'系统管理员','登陆','登陆','2017-08-10 16:46:32'),
	(898,1,'系统管理员','登陆','登陆','2017-08-10 16:50:43'),
	(899,1,'系统管理员','登陆','登陆','2017-08-10 16:53:23'),
	(900,1,'系统管理员','登陆','登陆','2017-08-10 16:54:56'),
	(901,1,'系统管理员','登陆','登陆','2017-08-10 16:56:33'),
	(902,1,'系统管理员','登陆','登陆','2017-08-10 17:00:48'),
	(903,1,'系统管理员','登陆','登陆','2017-08-10 17:04:17'),
	(904,1,'系统管理员','登陆','登陆','2017-08-10 17:05:46'),
	(905,1,'系统管理员','登陆','登陆','2017-08-10 17:08:18'),
	(906,1,'系统管理员','登陆','登陆','2017-08-10 17:09:07'),
	(907,1,'系统管理员','登陆','登陆','2017-08-10 17:11:32'),
	(908,1,'系统管理员','登陆','登陆','2017-08-10 17:26:46'),
	(909,1,'系统管理员','登陆','登陆','2017-08-10 17:46:59'),
	(910,1,'系统管理员','登陆','登陆','2017-08-10 17:47:49'),
	(911,1,'系统管理员','登陆','登陆','2017-08-10 17:48:52'),
	(912,1,'系统管理员','登陆','登陆','2017-08-10 17:51:25'),
	(913,1,'系统管理员','登陆','登陆','2017-08-10 17:56:27'),
	(914,1,'系统管理员','登陆','登陆','2017-08-10 18:14:26'),
	(915,1,'系统管理员','登陆','登陆','2017-08-10 18:35:00'),
	(916,1,'系统管理员','登陆','登陆','2017-08-10 18:37:46'),
	(917,1,'系统管理员','登陆','登陆','2017-08-10 18:38:53'),
	(918,1,'系统管理员','登陆','登陆','2017-08-10 18:41:38'),
	(919,1,'系统管理员','登陆','登陆','2017-08-10 18:42:41'),
	(920,1,'系统管理员','登陆','登陆','2017-08-10 18:45:22'),
	(921,1,'系统管理员','登陆','登陆','2017-08-10 18:47:13'),
	(922,1,'系统管理员','登陆','登陆','2017-08-10 18:50:01'),
	(923,1,'系统管理员','登陆','登陆','2017-08-10 18:56:00'),
	(924,1,'系统管理员','登陆','登陆','2017-08-10 18:58:20'),
	(925,1,'系统管理员','登陆','登陆','2017-08-10 19:00:46'),
	(926,1,'系统管理员','登陆','登陆','2017-08-10 19:04:42'),
	(927,1,'系统管理员','登陆','登陆','2017-08-11 08:43:33'),
	(928,101,'资料库管理员','登陆','登陆','2017-08-11 08:57:16'),
	(929,102,'频率管理员','登陆','登陆','2017-08-11 09:09:01'),
	(930,101,'资料库管理员','登陆','登陆','2017-08-11 09:09:34'),
	(931,203,'刘七','登陆','登陆','2017-08-11 09:23:01'),
	(932,203,'刘七','登陆','登陆','2017-08-11 09:23:39'),
	(933,204,'冯阳','登陆','登陆','2017-08-11 09:24:56');

/*!40000 ALTER TABLE `log` ENABLE KEYS */;
UNLOCK TABLES;


# Dump of table manager
# ------------------------------------------------------------

DROP TABLE IF EXISTS `manager`;

CREATE TABLE `manager` (
  `id` bigint(20) unsigned NOT NULL AUTO_INCREMENT COMMENT '登录者账号',
  `name` varchar(255) DEFAULT NULL COMMENT '登录名称',
  `role_ids` varchar(255) DEFAULT NULL COMMENT '该用户所拥有的角色',
  `permission` text COMMENT '权限',
  `status` tinyint(1) DEFAULT '1' COMMENT '启用状态 1有效 0无效',
  PRIMARY KEY (`id`)
) ENGINE=InnoDB DEFAULT CHARSET=utf8;

LOCK TABLES `manager` WRITE;
/*!40000 ALTER TABLE `manager` DISABLE KEYS */;

INSERT INTO `manager` (`id`, `name`, `role_ids`, `permission`, `status`)
VALUES
	(201,'王云','[102,200]',NULL,1),
	(202,'孙迪','[101,200]',NULL,1),
	(203,'刘七',NULL,NULL,1),
	(204,'冯阳',NULL,NULL,1),
	(205,'何哲',NULL,NULL,1);

/*!40000 ALTER TABLE `manager` ENABLE KEYS */;
UNLOCK TABLES;


# Dump of table permission
# ------------------------------------------------------------

DROP TABLE IF EXISTS `permission`;

CREATE TABLE `permission` (
  `id` bigint(20) unsigned NOT NULL AUTO_INCREMENT COMMENT '角色功能权限',
  `name` varchar(255) DEFAULT NULL COMMENT '功能名称',
  `urls` tinytext COMMENT '功能地址',
  `status` tinyint(1) DEFAULT '1' COMMENT '启用状态 1有效 0无效',
  PRIMARY KEY (`id`)
) ENGINE=InnoDB DEFAULT CHARSET=utf8;

LOCK TABLES `permission` WRITE;
/*!40000 ALTER TABLE `permission` DISABLE KEYS */;

INSERT INTO `permission` (`id`, `name`, `urls`, `status`)
VALUES
	(1,'资源管理','/resp/res_edit_create.xhtml\r\n/resp/res_edit_file.xhtml\r\n/resp/res_edit_format.xhtml\r\n/resp/res_edit_publish.xhtml\r\n/resp/res_edit_right.xhtml\r\n/resp/res_edit_tag.xhtml\r\n/resp/res_edit_title.xhtml\r\n/resp/res_list.xhtml\r\n/resp/res_tab.xhtml',1),
	(7,'频率管理','channel_edit, channel_list, clock_edit, clock_list, program_edit, program_list, typed_edit_basic, typed_edit_tag, typed_list, typed_select',1);

/*!40000 ALTER TABLE `permission` ENABLE KEYS */;
UNLOCK TABLES;


# Dump of table program
# ------------------------------------------------------------

DROP TABLE IF EXISTS `program`;

CREATE TABLE `program` (
  `id` bigint(20) unsigned NOT NULL AUTO_INCREMENT COMMENT '节目单，描述每一天播放的节目',
  `channel_id` bigint(20) DEFAULT NULL COMMENT '所属频率',
  `manager_id` bigint(20) DEFAULT NULL COMMENT '所属管理员',
  `name` varchar(120) DEFAULT NULL COMMENT '节目单名称',
  `description` varchar(255) NOT NULL DEFAULT '' COMMENT '节目单描述',
  `days` varchar(255) DEFAULT '0' COMMENT '播放日期（0-每天，1-7表示周一到周日）',
  `starttime` timestamp NULL DEFAULT NULL COMMENT '开播时间',
  `endtime` timestamp NULL DEFAULT NULL COMMENT '关闭播出时间，和开播时间一起组成每天的播出时间段，都为NULL时表示全天播出',
  `clock_ids` varchar(255) DEFAULT NULL COMMENT '包含的钟型列表',
  PRIMARY KEY (`id`)
) ENGINE=InnoDB DEFAULT CHARSET=utf8;

LOCK TABLES `program` WRITE;
/*!40000 ALTER TABLE `program` DISABLE KEYS */;

INSERT INTO `program` (`id`, `channel_id`, `manager_id`, `name`, `description`, `days`, `starttime`, `endtime`, `clock_ids`)
VALUES
	(11,64,201,'豫广新闻','河南人自己的媒体新闻','[1,2,3,4,5,6,7]','2017-08-10 01:00:00','2017-08-10 23:00:00','[8,1,4,7,9,10]'),
	(12,64,201,'大嘴说新闻','准时准点来听大嘴说新闻','[1,2]','2017-08-08 12:15:00','2017-08-08 13:00:00','[7]'),
	(13,64,201,'河南新闻','河南新闻','[3,4]','2017-08-08 13:00:00','2017-08-08 13:30:00',''),
	(14,64,201,'河南新闻联播','河南新闻联播','[5,6]','2017-08-08 19:00:00','2017-08-08 19:30:00','[]'),
	(16,64,201,'天天全搜索','河南新闻联播','[7]','2017-08-08 13:25:00','2017-08-08 20:30:00','[]');

/*!40000 ALTER TABLE `program` ENABLE KEYS */;
UNLOCK TABLES;


# Dump of table property
# ------------------------------------------------------------

DROP TABLE IF EXISTS `property`;

CREATE TABLE `property` (
  `id` bigint(20) unsigned NOT NULL AUTO_INCREMENT,
  `code` varchar(90) NOT NULL DEFAULT '',
  `name` varchar(90) NOT NULL DEFAULT '',
  `value` text NOT NULL,
  PRIMARY KEY (`id`)
) ENGINE=InnoDB DEFAULT CHARSET=utf8;



# Dump of table res_tag_custom
# ------------------------------------------------------------

DROP TABLE IF EXISTS `res_tag_custom`;

CREATE TABLE `res_tag_custom` (
  `id` bigint(20) unsigned NOT NULL AUTO_INCREMENT COMMENT '用户对音频自定义的标签',
  `manager_id` bigint(20) NOT NULL COMMENT '频率管理员ID',
  `res_id` bigint(20) NOT NULL COMMENT '音频ID',
  `type_tags` text NOT NULL COMMENT '自定义标签',
  PRIMARY KEY (`id`)
) ENGINE=InnoDB DEFAULT CHARSET=utf8;

LOCK TABLES `res_tag_custom` WRITE;
/*!40000 ALTER TABLE `res_tag_custom` DISABLE KEYS */;

INSERT INTO `res_tag_custom` (`id`, `manager_id`, `res_id`, `type_tags`)
VALUES
	(1,102,3,'[1001025,1001026]'),
	(3,102,12,'[1001025]');

/*!40000 ALTER TABLE `res_tag_custom` ENABLE KEYS */;
UNLOCK TABLES;


# Dump of table respository
# ------------------------------------------------------------

DROP TABLE IF EXISTS `respository`;

CREATE TABLE `respository` (
  `id` bigint(20) unsigned NOT NULL AUTO_INCREMENT COMMENT '音频库',
  `uuid` varchar(32) NOT NULL DEFAULT '' COMMENT 'UUID',
  `manager_id` bigint(20) DEFAULT NULL COMMENT '操作人ID',
  `category` tinyint(2) NOT NULL COMMENT '1新闻 2专题 3声乐 4器乐 5文学 6戏剧 7戏曲 8曲艺 9广播剧/电影/电视剧 10综艺节目 11音响效果 12配乐 13专业素材 14文献',
  `title_proper` varchar(255) NOT NULL DEFAULT '' COMMENT '正题名',
  `title_parallel` varchar(255) DEFAULT NULL COMMENT '并列正题名,正题名的其他语种表示',
  `title_other` varchar(255) DEFAULT NULL COMMENT '其他题名,从属于正题名的解释或补充',
  `title_alternative` varchar(255) DEFAULT NULL COMMENT '交替题名,正题名的别名',
  `title_series` varchar(255) DEFAULT NULL COMMENT '系列题名,音频资料所属系列的名称',
  `sequence` int(11) NOT NULL DEFAULT '0' COMMENT '在系列中的顺序号',
  `creator_content` json DEFAULT NULL,
  `publisher` varchar(255) DEFAULT NULL COMMENT '出版者，使音频资料可以获得和利用的责任实体',
  `date_published` timestamp NULL DEFAULT NULL COMMENT '音频资料正式出版的日期;',
  `date_recorded` timestamp NULL DEFAULT NULL COMMENT '音频资料录制完成的日期;',
  `date_debut` timestamp NULL DEFAULT NULL COMMENT '音频资料第一次向公众播放的日期;',
  `desc_abstract` varchar(255) DEFAULT NULL COMMENT '概括地说明音频资料的内容要点',
  `desc_note` varchar(255) DEFAULT NULL COMMENT '附注,说明音频资料的性质、特征、用途以及范围等的文字',
  `desc_awards` varchar(255) DEFAULT NULL COMMENT '获奖,音频资料的获奖情况',
  `subject_contributor` varchar(255) DEFAULT NULL COMMENT '事件责任者,事件主要责任者或新闻发布者或所涉及的主要对象',
  `subject_event_date` timestamp NULL DEFAULT NULL COMMENT '事发日期',
  `subject_event_place` varchar(120) DEFAULT NULL COMMENT '事发地点',
  `subject_debut_column` varchar(255) DEFAULT NULL COMMENT '首播栏目,首次播出该节目且具有特定名称、标志、内容范围和相对固定的组织编排形式的节目板块的 名称',
  `subject_lyrics` text COMMENT '音频资料的文字信息内容',
  `subject_term` varchar(255) DEFAULT NULL COMMENT '主题词,揭示音频资料内容主要特征的规范化的词或词组',
  `subject_keyword` varchar(255) DEFAULT NULL COMMENT '关键词,具有检索意义的词或词组',
  `type_tags` text COMMENT '描述音频资料内容的特征、种类、风格、流派等。',
  `format_duration` bigint(20) DEFAULT NULL COMMENT '时长',
  `format_starting_point` bigint(20) DEFAULT NULL COMMENT '音频资料正式有效内容的起始点时间;',
  `format_mark` json DEFAULT NULL,
  `format_coding` varchar(255) DEFAULT NULL COMMENT '含采样频率、量化比特、压缩方式及码率',
  `format_media` varchar(255) DEFAULT NULL COMMENT '原始介质',
  `format_background_voice` tinyint(1) DEFAULT NULL COMMENT '有无现场声0-1, 0无 1有',
  `format_channels` tinyint(1) DEFAULT NULL COMMENT '声道总数量1-6',
  `format_channels_content` varchar(255) DEFAULT NULL COMMENT '声道内容',
  `format_languange` varchar(255) DEFAULT NULL COMMENT '表达音频资料主要内容的语种或方言信息,如汉语',
  `format_quality` tinyint(1) DEFAULT NULL COMMENT '声音质量1-6',
  `id_isrc` varchar(120) DEFAULT NULL COMMENT '国际标准音像制品编码',
  `id_isbn` varchar(120) DEFAULT NULL COMMENT '国际标准书号',
  `id_original` varchar(120) DEFAULT NULL COMMENT '音频资料的原始出版编号',
  `source_acquired` varchar(255) DEFAULT NULL COMMENT '资料获取方式,获得音频资料的途径和方法, 如购买,自采,交换,受赠,合作,委托制作,其他;',
  `source_provider` varchar(120) DEFAULT NULL COMMENT '提供音频资料的单位或个人的名称;',
  `right_content` json DEFAULT NULL,
  `system` tinyint(1) DEFAULT '0' COMMENT '是否系统库',
  `path` varchar(255) NOT NULL DEFAULT '' COMMENT '存放路径',
  `size` bigint(20) DEFAULT NULL COMMENT '文件大小',
  `visibility` tinyint(1) NOT NULL DEFAULT '0' COMMENT '0公开 1内部可见 2需要权限 3完全隐藏',
  `lifetime` int(5) NOT NULL DEFAULT '0' COMMENT '生命期(天) 0永久',
  `createtime` timestamp NOT NULL DEFAULT CURRENT_TIMESTAMP COMMENT '创建时间',
  `updatetime` timestamp NULL DEFAULT NULL COMMENT '更新时间',
  PRIMARY KEY (`id`)
) ENGINE=InnoDB DEFAULT CHARSET=utf8;

LOCK TABLES `respository` WRITE;
/*!40000 ALTER TABLE `respository` DISABLE KEYS */;

INSERT INTO `respository` (`id`, `uuid`, `manager_id`, `category`, `title_proper`, `title_parallel`, `title_other`, `title_alternative`, `title_series`, `sequence`, `creator_content`, `publisher`, `date_published`, `date_recorded`, `date_debut`, `desc_abstract`, `desc_note`, `desc_awards`, `subject_contributor`, `subject_event_date`, `subject_event_place`, `subject_debut_column`, `subject_lyrics`, `subject_term`, `subject_keyword`, `type_tags`, `format_duration`, `format_starting_point`, `format_mark`, `format_coding`, `format_media`, `format_background_voice`, `format_channels`, `format_channels_content`, `format_languange`, `format_quality`, `id_isrc`, `id_isbn`, `id_original`, `source_acquired`, `source_provider`, `right_content`, `system`, `path`, `size`, `visibility`, `lifetime`, `createtime`, `updatetime`)
VALUES
	(3,'aFnojLd5',203,1,'这个题名很有趣','并列正题名','其他题名','交替题名','系列题名',4,NULL,NULL,NULL,NULL,NULL,NULL,NULL,NULL,NULL,NULL,NULL,NULL,NULL,NULL,NULL,'[1001012,1001014,1001013,1001025,1001026,1001027,1001028,1001029,1001030,1001031,1001032]',33,73,NULL,'128 kb/s','',0,NULL,'','英语',0,NULL,NULL,NULL,'拷贝','海纳公司',NULL,1,'/uploads/201706/gSP11ETb.png',22952,0,180,'2017-06-26 15:31:52',NULL),
	(4,'PVuAAELV',203,2,'汪苏泷 - 黑色蝴蝶',NULL,NULL,NULL,NULL,4,NULL,NULL,NULL,NULL,NULL,NULL,NULL,NULL,NULL,NULL,NULL,NULL,NULL,NULL,NULL,NULL,NULL,NULL,NULL,NULL,NULL,NULL,NULL,NULL,NULL,NULL,NULL,NULL,NULL,NULL,NULL,NULL,1,'/uploads/201706/JIVvnnk3.png',22952,0,0,'2017-06-26 15:44:27',NULL),
	(5,'F0YCzHCf',203,2,'张韶涵 - 隐形的翅膀',NULL,NULL,NULL,NULL,5,NULL,NULL,NULL,NULL,NULL,NULL,NULL,NULL,NULL,NULL,NULL,NULL,NULL,NULL,NULL,NULL,NULL,NULL,NULL,NULL,NULL,NULL,NULL,NULL,NULL,NULL,NULL,NULL,NULL,NULL,NULL,NULL,1,'/uploads/201706/6cOBW0DT.png',22952,0,0,'2017-06-26 15:46:21',NULL),
	(6,'NCYQwQml',203,4,'格子兮 - 最后的安慰',NULL,NULL,NULL,NULL,6,NULL,NULL,NULL,NULL,NULL,NULL,NULL,NULL,NULL,NULL,NULL,NULL,NULL,NULL,NULL,NULL,NULL,NULL,NULL,NULL,NULL,NULL,NULL,NULL,NULL,NULL,NULL,NULL,NULL,NULL,NULL,NULL,1,'/uploads/201706/5NvAoMW5.png',1839944,0,0,'2017-06-26 15:49:09',NULL),
	(7,'L5yNLfDZ',203,4,'后遗症',NULL,NULL,NULL,NULL,7,NULL,NULL,NULL,NULL,NULL,NULL,NULL,NULL,NULL,NULL,NULL,NULL,NULL,NULL,NULL,NULL,NULL,NULL,NULL,NULL,NULL,NULL,NULL,NULL,NULL,NULL,NULL,NULL,NULL,NULL,NULL,NULL,1,'/uploads/201706/GtnBmR19.mp3',529554,0,0,'2017-06-26 15:59:15',NULL),
	(8,'uVuCXi1H',203,0,'格子兮 - 枫语过',NULL,NULL,NULL,NULL,8,NULL,NULL,NULL,NULL,NULL,NULL,NULL,NULL,NULL,NULL,NULL,NULL,NULL,NULL,NULL,NULL,NULL,NULL,NULL,NULL,NULL,NULL,NULL,NULL,NULL,NULL,NULL,NULL,NULL,NULL,NULL,NULL,1,'/uploads/201706/0kBEc9Gr.mp3',529554,0,0,'2017-06-26 16:26:43',NULL),
	(9,'xFXZhDpn',203,2,'整题名','并列正题名','其他题名','交替','系列',9,NULL,NULL,NULL,NULL,NULL,NULL,NULL,NULL,NULL,NULL,NULL,NULL,NULL,NULL,NULL,'[1001042,1001182,1001059,1001074,1001093,1001195,1001135,1001028,1001027,1001026,1001039,1001014,1001023,1001050,1001054,1001079,1001085,1001154,1001130,1001159,1001188]',NULL,NULL,NULL,NULL,NULL,NULL,NULL,NULL,NULL,NULL,NULL,NULL,NULL,NULL,NULL,NULL,1,'/uploads/201706/OKl2ZelV.mp3',529554,0,0,'2017-06-26 16:32:05',NULL),
	(10,'WtluCdxV',203,4,'一个人的旅行',NULL,NULL,NULL,NULL,10,NULL,NULL,NULL,NULL,NULL,NULL,NULL,NULL,NULL,NULL,NULL,NULL,NULL,NULL,NULL,NULL,NULL,NULL,NULL,NULL,NULL,NULL,NULL,NULL,NULL,NULL,NULL,NULL,NULL,NULL,NULL,NULL,1,'/uploads/201706/jbNVA4b3.mp3',529554,0,0,'2017-06-26 16:34:34',NULL),
	(11,'1CMcRDKB',203,4,'某个心跳',NULL,NULL,NULL,NULL,11,NULL,NULL,NULL,NULL,NULL,NULL,NULL,NULL,NULL,NULL,NULL,NULL,NULL,NULL,NULL,NULL,NULL,NULL,NULL,NULL,NULL,NULL,NULL,NULL,NULL,NULL,NULL,NULL,NULL,'','',NULL,1,'/uploads/201706/YPmV6uhU.mp3',529554,0,0,'2017-06-26 16:43:08',NULL),
	(12,'z5Hvg40F',203,1,'连借口都没有','','','','',0,NULL,NULL,NULL,NULL,NULL,NULL,NULL,NULL,NULL,NULL,NULL,NULL,NULL,NULL,NULL,NULL,NULL,NULL,NULL,NULL,NULL,NULL,NULL,NULL,NULL,NULL,NULL,NULL,NULL,NULL,NULL,NULL,1,'/uploads/201706/CTH7J9xd.mp3',529554,0,1080,'2017-06-27 08:57:26',NULL),
	(13,'l9JeBqO9',203,3,'一个人',NULL,NULL,NULL,NULL,13,NULL,NULL,NULL,NULL,NULL,NULL,NULL,NULL,NULL,NULL,NULL,NULL,NULL,NULL,NULL,NULL,282,NULL,NULL,'322 kb/s',NULL,NULL,NULL,NULL,NULL,NULL,NULL,NULL,NULL,NULL,NULL,NULL,1,'/uploads/201707/neEFAtxZ.mp3',11365564,0,0,'2017-07-05 11:11:09',NULL),
	(14,'4ANzhB0t',204,3,'黄平 - 我的快乐就是想你','','','','',14,NULL,NULL,NULL,NULL,NULL,NULL,NULL,NULL,NULL,NULL,NULL,NULL,NULL,NULL,NULL,'[1001025,1001038,1001041,1001049,1001024,1001015,1001018,1001014,1001012]',282,NULL,NULL,'322 kb/s',NULL,NULL,NULL,NULL,NULL,NULL,NULL,NULL,NULL,NULL,NULL,NULL,0,'/uploads/201707/bPOmgMyN.mp3',11365564,0,0,'2017-07-05 11:16:02',NULL);

/*!40000 ALTER TABLE `respository` ENABLE KEYS */;
UNLOCK TABLES;


# Dump of table role
# ------------------------------------------------------------

DROP TABLE IF EXISTS `role`;

CREATE TABLE `role` (
  `id` bigint(20) NOT NULL AUTO_INCREMENT COMMENT '角色信息',
  `name` varchar(50) DEFAULT NULL COMMENT '角色名称',
  `permission_ids` varchar(255) DEFAULT NULL COMMENT '该角色所拥有的权限',
  `status` tinyint(1) DEFAULT '1' COMMENT '启用状态 1有效 0无效',
  PRIMARY KEY (`id`)
) ENGINE=InnoDB DEFAULT CHARSET=utf8;

LOCK TABLES `role` WRITE;
/*!40000 ALTER TABLE `role` DISABLE KEYS */;

INSERT INTO `role` (`id`, `name`, `permission_ids`, `status`)
VALUES
	(1,'系统管理员','[1,7]',1),
	(2,'管理员','[1,7]',1),
	(101,'资料库管理员','[1]',1),
	(102,'频率管理员','[7]',1),
	(200,'其他','[]',1);

/*!40000 ALTER TABLE `role` ENABLE KEYS */;
UNLOCK TABLES;


# Dump of table runtime
# ------------------------------------------------------------

DROP TABLE IF EXISTS `runtime`;

CREATE TABLE `runtime` (
  `id` bigint(20) unsigned NOT NULL AUTO_INCREMENT COMMENT '已播放节目记录',
  `sequence` bigint(20) NOT NULL,
  `manager_id` bigint(20) DEFAULT NULL COMMENT '所属管理员ID',
  `channel_id` bigint(20) DEFAULT NULL COMMENT '频率ID',
  `clock_id` bigint(20) DEFAULT NULL COMMENT '钟型ID',
  `program_id` bigint(20) DEFAULT NULL COMMENT '节目单ID',
  `typed_id` bigint(20) DEFAULT NULL COMMENT '类型化ID',
  `res_id` bigint(20) DEFAULT NULL COMMENT '资源文件ID',
  `createtime` timestamp NULL DEFAULT NULL COMMENT '实际播放时间',
  `endtime` timestamp NULL DEFAULT NULL COMMENT '结束时间',
  `playdate` timestamp NULL DEFAULT NULL COMMENT '播放日期',
  PRIMARY KEY (`id`)
) ENGINE=InnoDB DEFAULT CHARSET=utf8;

LOCK TABLES `runtime` WRITE;
/*!40000 ALTER TABLE `runtime` DISABLE KEYS */;

INSERT INTO `runtime` (`id`, `sequence`, `manager_id`, `channel_id`, `clock_id`, `program_id`, `typed_id`, `res_id`, `createtime`, `endtime`, `playdate`)
VALUES
	(1,1,201,64,8,11,NULL,3,NULL,NULL,'2017-08-08 00:00:00'),
	(2,2,201,64,8,11,NULL,5,NULL,NULL,'2017-08-09 00:00:00'),
	(3,3,201,64,8,11,NULL,4,NULL,NULL,'2017-08-09 00:00:00'),
	(4,4,201,64,4,11,NULL,14,NULL,NULL,'2017-08-10 00:00:00'),
	(5,5,201,64,8,11,NULL,7,NULL,NULL,'2017-08-11 00:00:00'),
	(6,6,201,64,8,11,NULL,8,NULL,NULL,'2017-08-12 00:00:00'),
	(7,7,201,64,8,11,NULL,9,NULL,NULL,'2017-08-08 00:00:00'),
	(8,8,201,64,1,11,NULL,11,NULL,NULL,'2017-08-10 00:00:00'),
	(9,9,201,64,8,11,NULL,7,NULL,NULL,'2017-08-10 00:00:00'),
	(10,10,201,64,1,11,NULL,12,NULL,NULL,'2017-08-10 00:00:00'),
	(11,11,201,64,7,11,NULL,13,NULL,NULL,'2017-08-10 00:00:00'),
	(12,12,201,64,4,11,NULL,10,NULL,NULL,'2017-08-10 00:00:00'),
	(13,13,201,64,8,11,NULL,6,NULL,NULL,'2017-08-10 00:00:00'),
	(14,14,201,64,8,11,NULL,8,NULL,NULL,'2017-08-10 00:00:00'),
	(15,15,201,64,8,11,NULL,4,NULL,NULL,'2017-08-10 00:00:00'),
	(16,16,201,64,8,11,NULL,5,NULL,NULL,'2017-08-10 00:00:00'),
	(17,17,201,64,8,11,NULL,14,NULL,NULL,'2017-08-11 00:00:00'),
	(18,18,201,64,8,11,NULL,11,NULL,NULL,'2017-08-11 00:00:00'),
	(19,19,201,64,8,11,NULL,13,NULL,NULL,'2017-08-11 00:00:00'),
	(20,20,201,64,1,11,NULL,5,NULL,NULL,'2017-08-11 00:00:00'),
	(21,21,201,64,1,11,NULL,9,NULL,NULL,'2017-08-11 00:00:00'),
	(22,22,201,64,1,11,NULL,8,NULL,NULL,'2017-08-11 00:00:00'),
	(23,23,201,64,4,11,NULL,3,NULL,NULL,'2017-08-11 00:00:00'),
	(24,24,201,64,4,11,NULL,10,NULL,NULL,'2017-08-11 00:00:00'),
	(25,25,201,64,4,11,NULL,13,NULL,NULL,'2017-08-11 00:00:00'),
	(26,26,201,64,7,11,NULL,12,NULL,NULL,'2017-08-11 00:00:00'),
	(27,27,201,64,7,11,NULL,7,NULL,NULL,'2017-08-11 00:00:00'),
	(28,28,201,64,7,11,NULL,6,NULL,NULL,'2017-08-11 00:00:00'),
	(29,29,201,64,8,11,NULL,5,NULL,NULL,'2017-08-11 00:00:00'),
	(30,30,201,64,8,11,NULL,4,NULL,NULL,'2017-08-11 00:00:00');

/*!40000 ALTER TABLE `runtime` ENABLE KEYS */;
UNLOCK TABLES;


# Dump of table tag
# ------------------------------------------------------------

DROP TABLE IF EXISTS `tag`;

CREATE TABLE `tag` (
  `id` bigint(20) unsigned NOT NULL AUTO_INCREMENT COMMENT '单个标签',
  `group_id` bigint(20) NOT NULL COMMENT '组别',
  `sequence` bigint(20) NOT NULL COMMENT '序号',
  `wrap` tinyint(1) DEFAULT '0' COMMENT '是否换行',
  `status` tinyint(1) DEFAULT NULL COMMENT '是否启用',
  `code` int(6) NOT NULL COMMENT '标签代码',
  `name` varchar(120) NOT NULL DEFAULT '' COMMENT '标签名称',
  `createtime` timestamp NOT NULL DEFAULT CURRENT_TIMESTAMP,
  PRIMARY KEY (`id`)
) ENGINE=InnoDB DEFAULT CHARSET=utf8;

LOCK TABLES `tag` WRITE;
/*!40000 ALTER TABLE `tag` DISABLE KEYS */;

INSERT INTO `tag` (`id`, `group_id`, `sequence`, `wrap`, `status`, `code`, `name`, `createtime`)
VALUES
	(21,16,21,0,1,1001012,'劳动','2017-06-29 17:32:03'),
	(22,16,23,0,1,1001013,'宗教','2017-06-29 17:32:47'),
	(23,16,22,0,1,1001014,'自然','2017-06-29 17:32:54'),
	(24,16,24,0,1,1001015,'社会','2017-06-29 17:33:00'),
	(26,16,27,0,1,1001017,'爱情','2017-06-29 17:33:11'),
	(27,16,26,0,1,1001018,'军旅','2017-06-29 17:33:19'),
	(28,17,33,0,1,1001019,'抒情','2017-06-29 17:50:16'),
	(29,17,28,0,1,1001020,'歌舞','2017-06-29 17:50:23'),
	(30,17,29,0,1,1001021,'叙事','2017-06-29 17:50:30'),
	(32,17,31,0,1,1001023,'诙谐','2017-06-29 17:50:45'),
	(33,17,32,0,1,1001024,'儿童','2017-06-29 17:50:51'),
	(34,18,34,0,1,1001025,'流行','2017-06-29 17:51:54'),
	(35,18,35,0,1,1001026,'摇滚','2017-06-29 17:52:00'),
	(36,18,36,0,1,1001027,'布鲁斯','2017-06-29 17:52:09'),
	(37,18,37,0,1,1001028,'国际','2017-06-29 17:52:18'),
	(38,18,38,0,1,1001029,'爵士','2017-06-29 17:52:28'),
	(39,18,39,0,1,1001030,'说唱','2017-06-29 17:52:35'),
	(40,18,40,0,1,1001031,'电子','2017-06-29 17:52:59'),
	(41,18,41,0,1,1001032,'民谣','2017-06-29 17:53:04'),
	(42,18,42,0,1,1001033,'乡村','2017-06-29 17:53:34'),
	(43,18,43,0,1,1001034,'雷鬼','2017-06-29 17:53:44'),
	(44,18,44,0,1,1001035,'声乐','2017-06-29 17:53:54'),
	(45,18,45,0,1,1001036,'轻音乐','2017-06-29 17:54:06'),
	(46,18,46,0,1,1001037,'拉丁','2017-06-29 17:54:14'),
	(47,19,47,0,1,1001038,'通俗','2017-06-29 18:04:02'),
	(48,19,48,0,1,1001039,'民族','2017-06-29 18:04:10'),
	(49,19,49,0,1,1001040,'美声','2017-06-29 18:04:16'),
	(50,20,50,0,1,1001041,'男中音','2017-06-29 18:06:30'),
	(51,20,51,0,1,1001042,'男高音','2017-06-29 18:06:36'),
	(52,20,52,0,1,1001043,'男低音','2017-06-29 18:06:41'),
	(53,20,53,0,1,1001044,'女中音','2017-06-29 18:06:48'),
	(54,20,54,0,1,1001045,'女低音','2017-06-29 18:06:54'),
	(55,20,55,0,1,1001046,'女高音','2017-06-29 18:07:05'),
	(56,20,56,0,1,1001047,'多声部','2017-06-29 18:08:49'),
	(57,21,57,0,1,1001048,'齐唱','2017-06-30 08:51:30'),
	(58,21,58,0,1,1001049,'独唱','2017-06-30 08:51:37'),
	(59,21,59,0,1,1001050,'重唱','2017-06-30 08:51:44'),
	(60,21,60,0,1,1001051,'合唱','2017-06-30 08:51:49'),
	(61,22,61,0,1,1001052,'忧郁','2017-06-30 08:54:46'),
	(62,22,62,0,1,1001053,'寂寞','2017-06-30 08:55:05'),
	(63,22,63,1,1,1001054,'安静','2017-06-30 08:55:18'),
	(64,22,64,0,1,1001055,'悠扬','2017-06-30 08:55:33'),
	(65,24,65,0,1,1001056,'舒缓','2017-07-19 10:08:17'),
	(66,24,66,0,1,1001057,'慢速','2017-07-19 10:08:31'),
	(67,24,67,0,1,1001058,'中速','2017-07-19 10:08:36'),
	(68,24,68,0,1,1001059,'快速','2017-07-19 10:08:42'),
	(69,22,69,0,1,1001060,'甜蜜','2017-07-19 10:10:33'),
	(70,22,70,0,1,1001061,'执着','2017-07-19 10:10:41'),
	(71,22,71,0,1,1001062,'相思','2017-07-19 10:10:48'),
	(72,22,72,0,1,1001063,'哭泣','2017-07-19 10:10:54'),
	(73,22,73,0,1,1001064,'劲爆','2017-07-19 10:11:12'),
	(74,22,74,0,1,1001065,'怀念','2017-07-19 10:11:24'),
	(75,22,75,0,1,1001066,'叙事','2017-07-19 10:11:33'),
	(76,22,76,0,1,1001067,'亲情','2017-07-19 10:11:40'),
	(77,22,77,0,1,1001068,'友情','2017-07-19 10:11:53'),
	(78,22,78,0,1,1001069,'严肃','2017-07-19 10:12:01'),
	(79,22,79,0,1,1001070,'讽刺','2017-07-19 10:12:08'),
	(80,25,80,0,1,1001071,'单拍','2017-07-19 10:13:52'),
	(81,25,81,0,1,1001072,'复拍','2017-07-19 10:14:08'),
	(82,25,82,0,1,1001073,'混合拍','2017-07-19 10:14:15'),
	(83,25,83,0,1,1001074,'散拍','2017-07-19 10:14:22'),
	(85,26,85,0,1,1001076,'40年代','2017-07-19 10:15:19'),
	(86,26,86,0,1,1001077,'50年代','2017-07-19 10:15:25'),
	(87,26,87,0,1,1001078,'60年代','2017-07-19 10:15:31'),
	(88,26,88,0,1,1001079,'70年代','2017-07-19 10:15:36'),
	(89,26,89,0,1,1001080,'80年代','2017-07-19 10:15:41'),
	(90,26,90,0,1,1001081,'90年代','2017-07-19 10:15:47'),
	(91,27,91,0,1,1001082,'单声织体','2017-07-19 10:17:17'),
	(92,27,92,0,1,1001083,'主调织体','2017-07-19 10:17:26'),
	(93,27,93,0,1,1001084,'复调织体','2017-07-19 10:17:34'),
	(94,27,94,0,1,1001085,'混合织体','2017-07-19 10:17:40'),
	(95,26,95,0,1,1001086,'经典老歌','2017-07-19 10:18:58'),
	(98,28,98,0,1,1001089,'欧美','2017-07-19 10:19:34'),
	(99,28,99,0,1,1001090,'国语','2017-07-19 10:19:39'),
	(100,28,100,0,1,1001091,'韩语','2017-07-19 10:19:45'),
	(101,28,101,0,1,1001092,'粤语','2017-07-19 10:19:51'),
	(102,28,102,0,1,1001093,'闽南语','2017-07-19 10:19:58'),
	(103,28,103,0,1,1001094,'日语','2017-07-19 10:20:02'),
	(104,28,104,0,1,1001095,'欧罗斯','2017-07-19 10:20:07'),
	(105,28,105,0,1,1001096,'印度','2017-07-19 10:20:11'),
	(106,28,106,0,1,1001097,'藏歌','2017-07-19 10:20:22'),
	(107,28,107,0,1,1001098,'法语','2017-07-19 10:20:26'),
	(108,28,108,0,1,1001099,'拉丁','2017-07-19 10:20:30'),
	(109,28,109,0,1,1001100,'德语','2017-07-19 10:20:34'),
	(110,28,110,0,1,1001101,'意大利语','2017-07-19 10:20:40'),
	(111,28,111,0,1,1001102,'西班牙语','2017-07-19 10:20:45'),
	(135,31,135,0,1,1001126,'独奏','2017-07-19 10:31:16'),
	(136,31,136,0,1,1001127,'齐奏','2017-07-19 10:31:33'),
	(137,31,137,0,1,1001128,'重奏','2017-07-19 10:31:40'),
	(138,31,138,0,1,1001129,'合奏','2017-07-19 10:31:49'),
	(139,31,139,0,1,1001130,'伴奏','2017-07-19 10:31:54'),
	(140,31,140,0,1,1001131,'即兴伴奏','2017-07-19 10:32:05'),
	(141,32,141,0,1,1001132,'音乐串连剧','2017-07-19 10:36:05'),
	(142,32,142,0,1,1001133,'音乐传记','2017-07-19 10:36:14'),
	(143,32,143,0,1,1001134,'独角戏','2017-07-19 10:36:25'),
	(144,32,144,0,1,1001135,'轻歌舞剧','2017-07-19 10:36:41'),
	(145,32,145,0,1,1001136,'杂耍','2017-07-19 10:36:49'),
	(146,32,146,0,1,1001137,'滑稽歌舞杂剧','2017-07-19 10:37:00'),
	(147,32,147,0,1,1001138,'夸张表演','2017-07-19 10:37:11'),
	(148,32,148,0,1,1001139,'哑剧表演','2017-07-19 10:37:20'),
	(149,32,149,0,1,1001140,'时俗讽刺剧','2017-07-19 10:37:44'),
	(150,32,150,0,1,1001141,'小歌剧','2017-07-19 10:37:55'),
	(151,32,151,0,1,1001142,'法国小歌剧','2017-07-19 10:38:03'),
	(152,32,152,0,1,1001143,'维也纳小歌剧','2017-07-19 10:38:17'),
	(153,32,153,0,1,1001144,'英国小歌剧','2017-07-19 10:38:25'),
	(154,32,154,0,1,1001145,'美国小歌剧','2017-07-19 10:38:33'),
	(155,32,155,0,1,1001146,'音乐喜剧','2017-07-19 10:38:45'),
	(156,32,156,0,1,1001147,'音乐戏剧','2017-07-19 10:38:53'),
	(157,32,157,0,1,1001148,'概念音乐剧','2017-07-19 10:39:00'),
	(158,32,158,0,1,1001149,'戏剧歌剧','2017-07-19 10:39:07'),
	(159,29,159,0,1,1001150,'古琴','2017-07-19 10:40:30'),
	(160,29,160,0,1,1001151,'古筝','2017-07-19 10:40:37'),
	(161,29,161,0,1,1001152,'扬琴','2017-07-19 10:40:45'),
	(162,29,162,0,1,1001153,'二胡','2017-07-19 10:40:56'),
	(163,29,163,0,1,1001154,'笛子','2017-07-19 10:41:02'),
	(164,29,164,0,1,1001155,'琵琶','2017-07-19 10:41:09'),
	(165,33,165,0,1,1001156,'古典','2017-07-19 10:43:13'),
	(166,33,166,0,1,1001157,'流行','2017-07-19 10:43:18'),
	(167,33,167,0,1,1001158,'广播剧','2017-07-19 10:43:26'),
	(168,33,168,0,1,1001159,'美声','2017-07-19 10:43:32'),
	(169,33,169,0,1,1001160,'摇滚','2017-07-19 10:43:40'),
	(170,33,170,0,1,1001161,'对唱/合唱','2017-07-19 10:43:51'),
	(171,33,171,0,1,1001162,'DJ/舞曲','2017-07-19 10:43:59'),
	(172,33,172,0,1,1001163,'民谣','2017-07-19 10:44:06'),
	(173,33,173,0,1,1001164,'儿歌','2017-07-19 10:44:10'),
	(174,33,174,0,1,1001165,'纯音乐','2017-07-19 10:44:23'),
	(175,33,175,0,1,1001166,'古风','2017-07-19 10:44:31'),
	(176,33,176,0,1,1001167,'宗教','2017-07-19 10:44:40'),
	(177,33,177,0,1,1001168,'搞笑/另类','2017-07-19 10:44:49'),
	(178,33,178,0,1,1001169,'RAP/说唱','2017-07-19 10:44:57'),
	(179,33,179,0,1,1001170,'民族','2017-07-19 10:45:04'),
	(180,33,180,0,1,1001171,'红歌','2017-07-19 10:45:11'),
	(181,33,181,0,1,1001172,'新世纪','2017-07-19 10:45:15'),
	(182,33,182,0,1,1001173,'电子','2017-07-19 10:45:19'),
	(183,33,183,0,1,1001174,'爵士','2017-07-19 10:45:27'),
	(184,33,184,0,1,1001175,'动漫/游戏','2017-07-19 10:45:35'),
	(185,33,185,0,1,1001176,'HIP-HOP','2017-07-19 10:45:45'),
	(186,33,186,0,1,1001177,'R&B','2017-07-19 10:45:50'),
	(187,33,187,0,1,1001178,'影视','2017-07-19 10:45:56'),
	(188,33,188,0,1,1001179,'戏曲/曲艺','2017-07-19 10:46:06'),
	(189,23,189,0,1,1001180,'正能量','2017-07-19 10:47:32'),
	(190,23,190,0,1,1001181,'高能量','2017-07-19 10:47:38'),
	(191,23,191,0,1,1001182,'超高频潜能','2017-07-19 10:48:29'),
	(192,23,192,0,1,1001183,'七轮脉轮','2017-07-19 10:48:50'),
	(193,34,193,0,1,1001184,'声乐','2017-07-19 10:50:23'),
	(194,34,194,0,1,1001185,'广播剧/影视剧','2017-07-19 10:50:30'),
	(195,34,195,0,1,1001186,'新闻','2017-07-19 10:50:38'),
	(196,34,196,0,1,1001187,'乐器','2017-07-19 10:50:42'),
	(197,34,197,0,1,1001188,'专题','2017-07-19 10:50:49'),
	(198,34,198,0,1,1001189,'音响效果','2017-07-19 10:50:59'),
	(199,29,199,0,1,1001190,'南音','2017-07-24 08:52:13'),
	(200,29,200,0,1,1001191,'唢呐','2017-07-24 08:52:20'),
	(201,30,201,0,1,1001192,'交响乐队','2017-07-24 09:00:31'),
	(202,30,202,0,1,1001193,'管弦乐队','2017-07-24 09:00:55'),
	(203,30,203,0,1,1001194,'军乐队','2017-07-24 09:01:42'),
	(204,30,204,0,1,1001195,'管乐队','2017-07-24 09:02:44'),
	(205,30,206,0,1,1001196,'轻音乐乐队','2017-07-24 09:03:00'),
	(206,30,205,0,1,1001197,'弦乐队','2017-07-24 09:03:20'),
	(207,30,207,0,1,1001198,'爵士乐乐队','2017-07-24 09:08:14'),
	(208,22,208,0,1,1001199,'伤感','2017-08-03 12:43:47');

/*!40000 ALTER TABLE `tag` ENABLE KEYS */;
UNLOCK TABLES;


# Dump of table tag_group
# ------------------------------------------------------------

DROP TABLE IF EXISTS `tag_group`;

CREATE TABLE `tag_group` (
  `id` bigint(20) unsigned NOT NULL AUTO_INCREMENT COMMENT '标签组',
  `manager_id` bigint(20) DEFAULT NULL COMMENT '所属Manager',
  `sequence` bigint(11) NOT NULL COMMENT '序号',
  `repeatable` tinyint(1) NOT NULL COMMENT '可重复选择',
  `naturally` tinyint(1) NOT NULL COMMENT '0自然客观属性，1主观属性',
  `name` varchar(120) NOT NULL DEFAULT '' COMMENT '组名称',
  `status` tinyint(1) DEFAULT NULL COMMENT '是否启用，1有效 0无效',
  `createtime` timestamp NULL DEFAULT CURRENT_TIMESTAMP,
  PRIMARY KEY (`id`)
) ENGINE=InnoDB DEFAULT CHARSET=utf8;

LOCK TABLES `tag_group` WRITE;
/*!40000 ALTER TABLE `tag_group` DISABLE KEYS */;

INSERT INTO `tag_group` (`id`, `manager_id`, `sequence`, `repeatable`, `naturally`, `name`, `status`, `createtime`)
VALUES
	(16,1,0,1,0,'题材',1,'2017-06-29 17:31:07'),
	(17,1,0,0,0,'体裁',1,'2017-06-29 17:35:11'),
	(18,1,0,1,1,'风格',1,'2017-06-29 17:35:17'),
	(19,1,0,1,1,'唱法',1,'2017-06-29 17:35:23'),
	(20,1,0,1,0,'声部',1,'2017-06-29 17:35:29'),
	(21,1,0,1,0,'演唱形式',1,'2017-06-29 17:35:36'),
	(22,1,0,1,1,'情绪',1,'2017-06-29 17:35:42'),
	(23,1,0,1,0,'能量',1,'2017-06-29 17:35:51'),
	(24,1,0,0,0,'速度',1,'2017-06-29 17:35:57'),
	(25,1,0,0,1,'节拍数',1,'2017-06-29 17:36:03'),
	(26,1,0,0,1,'年代',1,'2017-06-29 17:36:09'),
	(27,1,0,0,0,'织体',1,'2017-06-29 17:36:16'),
	(28,1,0,0,0,'地域特色',1,'2017-06-29 17:36:22'),
	(29,1,0,0,0,'民族特色',1,'2017-06-29 17:36:28'),
	(30,1,0,1,0,'乐器/乐队',1,'2017-06-29 17:36:34'),
	(31,1,0,1,1,'演奏形式',1,'2017-06-29 17:36:40'),
	(32,1,0,0,0,'剧种',1,'2017-06-29 17:36:46'),
	(33,1,0,0,0,'曲种',1,'2017-06-29 17:36:51'),
	(34,1,0,1,0,'资料类型',1,'2017-06-29 17:37:06');

/*!40000 ALTER TABLE `tag_group` ENABLE KEYS */;
UNLOCK TABLES;


# Dump of table typed
# ------------------------------------------------------------

DROP TABLE IF EXISTS `typed`;

CREATE TABLE `typed` (
  `id` bigint(20) unsigned NOT NULL AUTO_INCREMENT COMMENT '选取文件规则',
  `manager_id` bigint(20) DEFAULT NULL COMMENT '所属管理员',
  `channel_id` bigint(20) DEFAULT NULL COMMENT '所属频率',
  `res_category` tinyint(4) DEFAULT NULL COMMENT '资源类别',
  `status` tinyint(1) DEFAULT NULL COMMENT '1有效 0无效',
  `res_tags` text COMMENT '资源的多个标签',
  `ordinal` tinyint(1) DEFAULT '0' COMMENT '顺序策略。0顺序 1重播 2随机 3自定义',
  `intervals` tinyint(1) DEFAULT NULL COMMENT '间隔策略，顺序策略是随机时可用。0不重复, x天内不重复',
  `amount` tinyint(4) DEFAULT NULL COMMENT '当前规则下对音频的选取个数',
  `listing` text COMMENT '自定义播放节目列表，顺序策略为3时可用',
  `createtime` timestamp NULL DEFAULT CURRENT_TIMESTAMP COMMENT '创建时间',
  PRIMARY KEY (`id`)
) ENGINE=InnoDB DEFAULT CHARSET=utf8;

LOCK TABLES `typed` WRITE;
/*!40000 ALTER TABLE `typed` DISABLE KEYS */;

INSERT INTO `typed` (`id`, `manager_id`, `channel_id`, `res_category`, `status`, `res_tags`, `ordinal`, `intervals`, `amount`, `listing`, `createtime`)
VALUES
	(2,102,64,3,1,'1001071,1001056,1001076,1001082,1001089,1001020,1001012',0,-1,5,'不可用','2017-07-21 17:25:10'),
	(3,102,64,9,1,'1001012,1001020,1001025,1001038,1001041,1001048,1001052,1001180',3,-1,5,'阿发的说说','2017-07-21 17:26:00'),
	(4,102,64,11,1,'1001012,1001020,1001025,1001038,1001041,1001048,1001052,1001070,1001180,1001056,1001071,1001076,1001082,1001150,1001192,1001089,1001126,1001156,1001132,1001184',2,0,10,'不可用','2017-07-21 17:31:03');

/*!40000 ALTER TABLE `typed` ENABLE KEYS */;
UNLOCK TABLES;



/*!40111 SET SQL_NOTES=@OLD_SQL_NOTES */;
/*!40101 SET SQL_MODE=@OLD_SQL_MODE */;
/*!40014 SET FOREIGN_KEY_CHECKS=@OLD_FOREIGN_KEY_CHECKS */;
/*!40101 SET CHARACTER_SET_CLIENT=@OLD_CHARACTER_SET_CLIENT */;
/*!40101 SET CHARACTER_SET_RESULTS=@OLD_CHARACTER_SET_RESULTS */;
/*!40101 SET COLLATION_CONNECTION=@OLD_COLLATION_CONNECTION */;
